ASV,q2.id,Row.names,Domain,Phylum,Class,Order,Family,Genus,Species,ASV,syn.tree id,R2.N05B.y,R2.N05S.y,R2.N10B.y,R2.N10S.y,R2.N15B.y,R2.N15S.y,R2.N20B.y,R2.N20S.y,R2.S05B.y,R2.S05S.y,R2.S10B.y,R2.S10S.y,R2.S15B.y,R2.S15S.y,R2.S20B.y,R2.S20S.y,R3.N05S.y,R3.N10S.y,R3.N15S.y,R3.N20S.y,R3.S05S.y,R3.S10S.y,R3.S15S.y,R3.S20S.y,R4.N05B.y,R4.N05S.y,R4.N10B.y,R4.N10S.y,R4.N15B.y,R4.N15S.y,R4.N20B.y,R4.N20S.y,R4.S05B.y,R4.S05S.y,R4.S10B.y,R4.S10S.y,R4.S15B.y,R4.S15S.y,R4.S20B.y,R4.S20S.y,FL010322.y,FL011722.y,FL020121.y,FL021521.y,FL031521.y,FL032921.y,FL041221.y,FL042621.y,FL051021.y,FL052421.y,FL060721.y,FL062121.y,FL070821.y,FL071921.y,FL080221.y,FL081721.y,FL091321.y,FL092721.y,FL101121.y,FL102521.y,FL110821.y,FL112221.y,FL120621.y,FL122021.y,HPD0.POST.y,HPD0.PRE.y,HPD1.y,HPD14.y,HPD3.y,HPD7.y,asv.id
ASV1011,7e8aebdd6437f4b0871be3a277db37c9,ASV1011,d__Bacteria,p__Cyanobacteria,c__Cyanobacteriia,o__Synechococcales,f__Cyanobiaceae,g__Cyanobium_PCC-6307,s__bacterium_enrichment,ASV1011,fSyn43,0,0,0,0,0,0,0,0,0,0,0,0,0,0,0,0,0,0,0,0,0,0,0,0,0,0,0,0,0,0,0,0,0,0,0,0,0,0,0,0,0,0,0,0,0,0,0,0.001419698,0,0,0.003441156,0.006209936,0.003433476,0.002526529,0.002339572,0.001980198,0.001616488,0,0,0,0,0,0,0,0.00069541,0,0,0.002261079,0.001506024,0.003163889,ASV1011
ASV1065,85128df82f9890cb3cd720a75a32e2fd,ASV1065,d__Bacteria,p__Cyanobacteria,c__Cyanobacteriia,o__Synechococcales,f__Cyanobiaceae,g__Cyanobium_PCC-6307,g__Cyanobium_PCC-6307 Genus,ASV1065,fSyn42,0,0,0,0,0,0,0,0,0,0,0,0,0,0,0,0,0,0,0,0,0,0,0,0,0,0,0,0,0,0,0,0,0,0,0,0,0,0,0,0,0.003494347,0.003682918,0.003564689,0.012328285,0.005594136,0.004778338,0,0.007808341,0.005263158,0.002449343,0.00573526,0.008012821,0.003719599,0.002021223,0.007018717,0.002178218,0.00585977,0,0,0,0,0,0.003219575,0,0.003477051,0.003040601,0.002749919,0.027132951,0.005522088,0.013710188,ASV1065
ASV1066,858c138bbe7fc49c7f1f5266884557c5,ASV1066,d__Bacteria,p__Cyanobacteria,c__Cyanobacteriia,o__Synechococcales,f__Cyanobiaceae,g__Cyanobium_PCC-6307,g__Cyanobium_PCC-6307 Genus,ASV1066,fSyn41,0,0,0,0,0,0,0,0,0,0,0,0,0,0,0,0,0,0,0,0,0,0,0,0,0,0,0,0,0,0,0,0,0,0,0,0,0,0,0,0,0.002672148,0,0,0,0.003279321,0,0,0.006388642,0.013684211,0.003340013,0.008947006,0.009014423,0.005579399,0.006316321,0.007854278,0.004158416,0.004243281,0,0,0,0,0,0.002897618,0,0,0,0,0.005275852,0.002342704,0.004429445,ASV1066
ASV1097,879b2b3749a699a4dc2471d7af228cc3,ASV1097,d__Bacteria,p__Cyanobacteria,c__Cyanobacteriia,o__Synechococcales,f__Cyanobiaceae,g__Cyanobium_PCC-6307,g__Cyanobium_PCC-6307 Genus,ASV1097,fSyn40,0,0,0,0,0,0,0,0,0,0,0,0,0,0,0,0,0,0,0,0,0,0,0,0,0,0,0,0,0,0,0,0,0,0,0,0,0,0,0,0,0,0,0,0,0,0,0,0,0,0.002449343,0.009864648,0.008814103,0.005007153,0.004042446,0.010360963,0.002376238,0.003030915,0,0,0,0,0,0.002414681,0,0,0,0,0.00437142,0.003012048,0,ASV1097
ASV1107,88a8d78cb9d4ca38e9f826fb0b238614,ASV1107,d__Bacteria,p__Cyanobacteria,c__Cyanobacteriia,o__Synechococcales,f__Cyanobiaceae,g__Cyanobium_PCC-6307,g__Cyanobium_PCC-6307 Genus,ASV1107,fSyn39,0,0,0,0,0,0,0,0,0,0,0,0,0,0,0,0,0,0,0,0,0,0,0,0,0,0,0,0,0,0,0,0,0,0,0,0,0,0,0,0,0.001438849,0,0.001048438,0.005988024,0.000385802,0.001592779,0,0,0,0.001558673,0.002294104,0,0.000858369,0,0,0,0,0,0,0,0,0,0,0,0.001043115,0,0,0,0,0.003163889,ASV1107
ASV1151,8f2c91f5af1c9f08a83bcbd28b981242,ASV1151,d__Bacteria,p__Cyanobacteria,c__Cyanobacteriia,o__Synechococcales,f__Cyanobiaceae,g__Synechococcus_CC9902,s__uncultured_cyanobacterium,ASV1151,mSyn24,0.001650528,0,0.002263765,0.001273664,0,0,0,0,0.003078727,0.003173786,0,0,0,0.00148102,0,0,0.003465583,0.003295841,0.002178393,0.004269499,0.005280728,0.003154718,0.001989201,0.002492955,0,0,0.003670337,0.002463714,0,0.001673513,0,0,0.002109705,0.00344143,0.004432513,0.001885488,0.001849532,0.001191557,0.001440523,0.003072378,0,0,0,0,0,0,0,0,0,0,0,0,0,0,0,0,0,0,0,0,0,0,0,0,0,0,0,0,0,0,ASV1151
ASV1170,90f953b5151b2863a9852dd2a31a6ca1,ASV1170,d__Bacteria,p__Cyanobacteria,c__Cyanobacteriia,o__Synechococcales,f__Cyanobiaceae,g__Synechococcus_CC9902,s__uncultured_cyanobacterium,ASV1170,mSyn23,0,0,0.002044691,0.001447346,0,0,0,0.000612276,0,0,0,0,0,0,0,0,0.00543738,0.003243526,0.003709155,0.005883578,0.006555387,0.004206291,0.004035237,0.002709733,0,0,0.002502503,0.003427776,0.005618628,0.00141995,0,0,0.002109705,0.002581072,0.004557373,0.003456728,0.002386492,0.001134816,0.002936451,0.003131462,0,0,0,0,0,0,0,0,0,0,0,0,0,0,0,0,0,0,0,0,0,0,0,0,0,0,0,0,0,0,ASV1170
ASV1195,939ca2257608f701003b588f8a5fa3b8,ASV1195,d__Bacteria,p__Cyanobacteria,c__Cyanobacteriia,o__Synechococcales,f__Cyanobiaceae,f__Cyanobiaceae Family,f__Cyanobiaceae Family,ASV1195,mSyn22,0.000110035,0,0.009931357,0.010768251,0.006358745,0.010423539,0.010014409,0.017679473,0.002565606,0.001029336,0.004041783,0.0034868,0.01150777,0.017616338,0.009616852,0.014866547,0.00083652,0.001203244,0.001354136,0.001614079,0.001335357,0.001051573,0,0.000758725,0,0,0.00094539,0.001124739,0.00173772,0.00101425,0.001477014,0.001201682,0.000461498,0,0.000374579,0.001382691,0.001014259,0.001078075,0.001495928,0.001536189,0,0,0,0,0,0,0,0,0,0,0,0,0,0,0,0,0,0,0,0,0,0,0,0,0,0,0,0,0,0,ASV1195
ASV1267,9c5db6d0dccc8e4a4f53417012c72571,ASV1267,d__Bacteria,p__Cyanobacteria,c__Cyanobacteriia,o__Synechococcales,f__Cyanobiaceae,g__Cyanobium_PCC-6307,s__uncultured_cyanobacterium,ASV1267,mSyn21,0.004841549,0.004023821,0,0.000521044,0,0,0,0,0.001246152,0.001544004,0.000892342,0.000640433,0,0,0,0,0.00167304,0.000993984,0,0,0.003277693,0.001234455,0,0,0.002298322,0.001274649,0.001056612,0.00053559,0,0,0.000492338,0,0,0,0.000811587,0,0.000715948,0.001191557,0,0.001181684,0,0,0,0,0,0,0,0,0,0,0,0,0,0,0,0,0,0,0,0,0,0,0,0,0,0,0,0,0,0,ASV1267
ASV1280,9e4700414842f482598ca47f2f7dcd4c,ASV1280,d__Bacteria,p__Cyanobacteria,c__Cyanobacteriia,o__Synechococcales,f__Cyanobiaceae,g__Synechococcus_CC9902,g__Synechococcus_CC9902 Genus,ASV1280,mSyn20,0.006932218,0.00338001,0.028552651,0.0346784,0.011948851,0.014777675,0.011239193,0.013623144,0.052778185,0.045977011,0.03532623,0.040560734,0.010583788,0.009977395,0.005266372,0.006914673,0.012249044,0.011404656,0.006240801,0.009320004,0.024097117,0.025420629,0.002046036,0.008020811,0.000612886,0,0.03242131,0.032028279,0.013322521,0.030427506,0.0246169,0.023232526,0.00534019,0.005228326,0.018541641,0.016026648,0.043076189,0.038697231,0.03817386,0.035391433,0,0,0,0,0,0,0,0,0,0,0,0,0,0,0,0,0,0,0,0,0,0,0,0,0,0,0,0,0,0,ASV1280
ASV1283,9eaed8a956cdc57afbace68a49a16dcc,ASV1283,d__Bacteria,p__Cyanobacteria,c__Cyanobacteriia,o__Synechococcales,f__Cyanobiaceae,g__Cyanobium_PCC-6307,g__Cyanobium_PCC-6307 Genus,ASV1283,fSyn38,0,0,0,0,0,0,0,0,0,0,0,0,0,0,0,0,0,0,0,0,0,0,0,0,0,0,0,0,0,0,0,0,0,0,0,0,0,0,0,0,0.002261048,0,0,0,0.001736111,0.003716485,0,0.012599823,0.012631579,0.003340013,0.009864648,0.022035256,0.009155937,0.014401213,0.018048128,0.006336634,0.014952516,0,0,0,0,0,0.001931745,0.001201682,0.001043115,0.001252012,0.002264639,0.025776304,0.003848728,0.012233706,ASV1283
ASV1294,9f9f87704f0f92bf91faafd3549e0a98,ASV1294,d__Bacteria,p__Cyanobacteria,c__Cyanobacteriia,o__Synechococcales,f__Cyanobiaceae,g__Cyanobium_PCC-6307,g__Cyanobium_PCC-6307 Genus,ASV1294,fSyn37,0,0,0,0,0,0,0,0,0,0,0,0,0,0,0,0,0,0,0,0,0,0,0,0,0,0,0,0,0,0,0,0,0,0,0,0,0,0,0,0,0.004316547,0.003507541,0.003984064,0.013032758,0.005015432,0.005043801,0.017203244,0.008873114,0,0.003562681,0.007570544,0.01161859,0.00472103,0.002273876,0.006183155,0.001584158,0.007678319,0,0,0,0,0,0.001126851,0.003204486,0.001738526,0.001073153,0.003235199,0.023816702,0.006358768,0.013921114,ASV1294
ASV1311,a1eb7c35719cb49035f17f4f50f67610,ASV1311,d__Bacteria,p__Cyanobacteria,c__Cyanobacteriia,o__Synechococcales,f__Cyanobiaceae,g__Cyanobium_PCC-6307,g__Cyanobium_PCC-6307 Genus,ASV1311,fSyn36,0,0,0,0,0,0,0,0,0,0,0,0,0,0,0,0,0,0,0,0,0,0,0,0,0,0,0,0,0,0,0,0,0,0,0,0,0,0,0,0,0.001027749,0,0,0,0.00154321,0.002654632,0,0.0108252,0.012105263,0.008906702,0.012846983,0.026642628,0.01130186,0.009348156,0.019385027,0.008712871,0.022832896,0,0,0,0,0.010396128,0.003380554,0.002603645,0.001912378,0.002504024,0.002426399,0.03934278,0.006358768,0.022569078,ASV1311
ASV1316,a270d268d0bf3c3184ede377c7efefb8,ASV1316,d__Bacteria,p__Cyanobacteria,c__Cyanobacteriia,o__Synechococcales,f__Cyanobiaceae,g__Cyanobium_PCC-6307,s__uncultured_cyanobacterium,ASV1316,fSyn35,0,0,0,0,0,0,0,0,0,0,0,0,0,0,0,0,0,0,0,0,0,0,0,0,0,0,0,0,0,0,0,0,0,0,0,0,0,0,0,0,0,0,0,0,0,0,0,0.001597161,0.004210526,0.002004008,0.003441156,0.005809295,0.001716738,0.001263264,0.002339572,0.00039604,0.006870075,0,0,0,0,0.001613192,0,0.000600841,0.000869263,0,0,0.003919204,0.001171352,0.00210926,ASV1316
ASV1377,abaa1136c12bb76413597ae84afb5336,ASV1377,d__Bacteria,p__Cyanobacteria,c__Cyanobacteriia,o__Synechococcales,f__Cyanobiaceae,g__Cyanobium_PCC-6307,g__Cyanobium_PCC-6307 Genus,ASV1377,fSyn34,0,0,0,0,0,0,0,0,0,0,0,0,0,0,0,0,0,0,0,0,0,0,0,0,0,0,0,0,0,0,0,0,0,0,0,0,0,0,0,0,0.001438849,0,0.002935626,0,0.001157407,0.003451022,0,0,0.004736842,0.004676019,0.004588208,0.003205128,0.0018598,0,0,0,0,0,0,0,0,0,0.002253703,0.001602243,0.002607789,0.00160973,0.001617599,0.001808863,0.002844712,0.002320186,ASV1377
ASV1401,ae7f9a757df025052386cced2ba79f9f,ASV1401,d__Bacteria,p__Cyanobacteria,c__Cyanobacteriia,o__Synechococcales,f__Cyanobiaceae,g__Cyanobium_PCC-6307,s__metagenome,ASV1401,fSyn33,0,0,0,0,0,0,0,0,0,0,0,0,0,0,0,0,0,0,0,0,0,0,0,0,0,0,0,0,0,0,0,0,0,0,0,0,0,0,0,0,0,0,0,0,0,0,0,0.001064774,0,0,0.004358798,0.005608974,0.017596567,0.011116726,0.020220588,0.00970297,0.004445342,0,0.009427455,0,0,0,0,0,0,0,0.00032352,0.002110341,0.001506024,0.00105463,ASV1401
ASV147,10fe6fbc54200dec8adc9a959df0817d,ASV147,d__Bacteria,p__Cyanobacteria,c__Cyanobacteriia,o__Synechococcales,f__Cyanobiaceae,g__Cyanobium_PCC-6307,s__metagenome,ASV147,fSyn32,0,0,0,0,0,0,0,0,0,0,0,0,0,0,0,0,0,0,0,0,0,0,0,0,0,0,0,0,0,0,0,0,0,0,0,0,0,0,0,0,0,0,0.003774376,0,0.002121914,0.002920096,0,0,0.043684211,0.003117346,0.004129387,0.004407051,0.001430615,0.014401213,0.002506684,0.008118812,0,0,0,0,0,0,0.006761108,0,0,0,0,0.000753693,0,0,ASV147
ASV1488,b9da9543b4cd7aa96421288c3fe4ef74,ASV1488,d__Bacteria,p__Cyanobacteria,c__Cyanobacteriia,o__Synechococcales,f__Cyanobiaceae,g__Cyanobium_PCC-6307,s__uncultured_marine,ASV1488,bSyn4 (blast= synechoccous),0,0,0,0,0,0,0,0,0,0,0,0,0,0,0,0,0.003226577,0,0,0,0,0,0,0,0,0,0,0,0,0,0,0,0,0,0,0,0,0,0,0,0,0,0,0,0,0,0,0.002484472,0,0.001336005,0.001376462,0.002003205,0,0,0,0,0,0,0,0,0,0,0,0,0,0,0,0.002864034,0.001506024,0.002531112,ASV1488
ASV1558,c2754ca26ca7a50e421bff8c20ec22d2,ASV1558,d__Bacteria,p__Cyanobacteria,c__Cyanobacteriia,o__Synechococcales,f__Cyanobiaceae,g__Cyanobium_PCC-6307,g__Cyanobium_PCC-6307 Genus,ASV1558,fSyn31,0,0,0,0,0,0,0,0,0,0,0,0,0,0,0,0,0,0,0,0,0,0,0,0,0,0,0,0,0,0,0,0,0,0,0,0,0,0,0,0,0,0,0,0,0,0.002123706,0,0.006033718,0,0.002672011,0.00527644,0.009415064,0.004434907,0.002526529,0.003342246,0.002178218,0.005455648,0,0,0,0,0,0,0,0.001912378,0.001430871,0.002749919,0.011305396,0.003848728,0.007804261,ASV1558
ASV1619,c8d5d73acfeb0f1b010b155b862e0941,ASV1619,d__Bacteria,p__Cyanobacteria,c__Cyanobacteriia,o__Synechococcales,f__Cyanobiaceae,g__Cyanobium_PCC-6307,s__metagenome,ASV1619,fSyn30,0,0,0,0,0,0,0,0,0,0,0,0,0,0,0,0,0,0,0,0,0,0,0,0,0,0,0,0,0,0,0,0,0,0,0,0,0,0,0,0,0,0,0,0,0,0,0,0.000709849,0,0,0.00550585,0.005208333,0.016452074,0.011874684,0.019385027,0.01009901,0.00585977,0,0,0,0,0,0,0,0,0,0,0.004069943,0,0.001265556,ASV1619
ASV1624,c9369d7210d34016ea33da394e399bc4,ASV1624,d__Bacteria,p__Cyanobacteria,c__Cyanobacteriia,o__Synechococcales,f__Cyanobiaceae,g__Cyanobium_PCC-6307,g__Cyanobium_PCC-6307 Genus,ASV1624,fSyn29,0,0,0,0,0,0,0,0,0,0,0,0,0,0,0,0,0,0,0,0,0,0,0,0,0,0,0,0,0,0,0,0,0,0,0,0,0,0,0,0,0.001438849,0,0.001887188,0.005988024,0.000192901,0.001592779,0,0,0,0.001113338,0.001147052,0,0.000715308,0,0,0,0,0,0,0,0,0,0,0,0.001043115,0,0,0,0,0.00210926,ASV1624
ASV1636,cad11f3104e7d352b5ca445e47ad9fc8,ASV1636,d__Bacteria,p__Cyanobacteria,c__Cyanobacteriia,o__Synechococcales,f__Cyanobiaceae,g__Cyanobium_PCC-6307,g__Cyanobium_PCC-6307 Genus,ASV1636,fSyn28,0,0,0,0,0,0,0,0,0,0,0,0,0,0,0,0,0,0,0,0,0,0,0,0,0,0,0,0,0,0,0,0,0,0,0,0,0,0,0,0,0,0.001929148,0.00083875,0,0,0.001061853,0.010076186,0,0.002105263,0.00089067,0.001835283,0.002203526,0,0,0,0,0,0,0,0,0,0,0,0.000801122,0,0,0,0,0.001506024,0,ASV1636
ASV1748,d8709b94eeeb1fbb926628af971574fc,ASV1748,d__Bacteria,p__Cyanobacteria,c__Cyanobacteriia,o__Synechococcales,f__Cyanobiaceae,g__Cyanobium_PCC-6307,g__Cyanobium_PCC-6307 Genus,ASV1748,fSyn27,0,0,0,0,0,0,0,0,0,0,0,0,0,0,0,0,0,0,0,0,0,0,0,0,0,0,0,0,0,0,0,0,0,0,0,0,0,0,0,0,0.001644399,0,0.002096876,0,0.000964506,0.001061853,0,0,0.004210526,0.001558673,0.003441156,0.003605769,0.001144492,0,0,0,0,0,0,0,0,0,0.001931745,0.001001402,0.002433936,0.001967448,0.002911679,0.001507386,0.001840696,0.000632778,ASV1748
ASV1792,def7c497e0edb3aaa094889d508c026a,ASV1792,d__Bacteria,p__Cyanobacteria,c__Cyanobacteriia,o__Synechococcales,f__Cyanobiaceae,f__Cyanobiaceae Family,f__Cyanobiaceae Family,ASV1792,mSyn16,0.000990317,0,0.01372864,0.017194465,0.008664664,0.014051986,0.01426513,0.020893923,0.001832576,0.001972894,0.003359404,0.003700278,0.014615708,0.01605737,0.011906579,0.016940949,0.000657266,0.001203244,0.001236385,0.002499219,0.001578149,0.001143014,0.001420858,0.00081292,0,0,0.001223446,0.001338975,0.001100556,0.001115675,0.001784725,0,0.000461498,0.000727995,0.000874017,0.002011187,0.001491558,0.001645483,0.001606737,0.001713442,0,0,0,0,0,0,0,0,0,0,0,0,0,0,0,0,0,0,0,0,0,0,0,0,0,0,0,0,0,0,ASV1792
ASV1834,e255cbede7d1e3c54daa1a5813367f9a,ASV1834,d__Bacteria,p__Cyanobacteria,c__Cyanobacteriia,o__Synechococcales,f__Cyanobiaceae,g__Synechococcus_CC9902,g__Synechococcus_CC9902 Genus,ASV1834,mSyn14,0,0,0.001314444,0.001099983,0.001956537,0.001781238,0.002305476,0.004515537,0,0,0.000472416,0,0.001763965,0.002182555,0.001831781,0.001728668,0,0.001150929,0,0.000937207,0.000789074,0.001188734,0,0,0,0,0,0.00053559,0,0,0,0,0,0,0.001186166,0,0,0,0,0,0,0,0,0,0,0,0,0,0,0,0,0,0,0,0,0,0,0,0,0,0,0,0,0,0,0,0,0,0,0,ASV1834
ASV184,15723f9f5dc88cfba159dc030704e79a,ASV184,d__Bacteria,p__Cyanobacteria,c__Cyanobacteriia,o__Synechococcales,f__Cyanobiaceae,g__Cyanobium_PCC-6307,g__Cyanobium_PCC-6307 Genus,ASV184,fSyn26,0,0,0,0,0,0,0,0,0,0,0,0,0,0,0,0,0,0,0,0,0,0,0,0,0,0,0,0,0,0,0,0,0,0,0,0,0,0,0,0,0.001233299,0,0.002516251,0,0.001929012,0,0,0,0.007894737,0.001336005,0.002064694,0.002604167,0.001144492,0,0,0,0,0,0,0,0,0,0.001448809,0.001401963,0.002781641,0.001430871,0.00129408,0.001959602,0.001171352,0.000632778,ASV184
ASV1845,e34dbdd51b7461b57db8c8cafb475a90,ASV1845,d__Bacteria,p__Cyanobacteria,c__Cyanobacteriia,o__Synechococcales,f__Cyanobiaceae,f__Cyanobiaceae Family,f__Cyanobiaceae Family,ASV1845,mSyn13,0,0,0.001679568,0.000868407,0.002305919,0.002770814,0.004971182,0.006964641,0,0,0.001049814,0,0.002939941,0.003273833,0.004350481,0.004632831,0,0,0.001471887,0,0,0.001188734,0,0.001246477,0,0,0.000834168,0,0,0.00101425,0,0,0,0,0,0,0,0,0,0,0,0,0,0,0,0,0,0,0,0,0,0,0,0,0,0,0,0,0,0,0,0,0,0,0,0,0,0,0,0,ASV1845
ASV1865,e61cadd7d44318d1f8fd4e9b6f487f87,ASV1865,d__Bacteria,p__Cyanobacteria,c__Cyanobacteriia,o__Synechococcales,f__Cyanobiaceae,g__Synechococcus_CC9902,g__Synechococcus_CC9902 Genus,ASV1865,mSyn12,0.010233275,0.004587156,0.032642033,0.035488913,0.011739222,0.015833223,0.012103746,0.015766111,0.066485853,0.064676617,0.038633143,0.043335943,0.011927761,0.012861486,0.004503129,0.006499793,0.01834369,0.011352341,0.009007948,0.015047381,0.02737481,0.025146306,0.002671213,0.008075005,0.001302383,0.002624278,0.030641753,0.034866906,0.016624189,0.036411583,0.023878393,0.022331264,0.005867616,0.005493051,0.017917343,0.017849287,0.033589881,0.03580345,0.036345504,0.034446086,0,0,0,0,0,0,0,0,0,0,0,0,0,0,0,0,0,0,0,0,0,0,0,0,0,0,0,0,0,0,ASV1865
ASV1874,e706b6df4e0597376382ab35168aa1b8,ASV1874,d__Bacteria,p__Cyanobacteria,c__Cyanobacteriia,o__Synechococcales,f__Cyanobiaceae,f__Cyanobiaceae Family,f__Cyanobiaceae Family,ASV1874,mSyn11,0,0,0.002044691,0.00075262,0.002515547,0.004222193,0.005403458,0.009643349,0,0,0,0.000498114,0.002855943,0.004053317,0.003510914,0.005946619,0.001195029,0.000941669,0,0.001614079,0.001092564,0.000914411,0,0,0,0,0.00094539,0.000964062,0.000984708,0,0,0,0,0,0.001435885,0.001759789,0,0.000794371,0,0.001358936,0,0,0,0,0,0,0,0,0,0,0,0,0,0,0,0,0,0,0,0,0,0,0,0,0,0,0,0,0,0,ASV1874
ASV1918,eb7f7d444aad44ce399198254578562c,ASV1918,d__Bacteria,p__Cyanobacteria,c__Cyanobacteriia,o__Synechococcales,f__Cyanobiaceae,g__Cyanobium_PCC-6307,g__Cyanobium_PCC-6307 Genus,ASV1918,fSyn25,0,0,0,0,0,0,0,0,0,0,0,0,0,0,0,0,0,0,0,0,0,0,0,0,0,0,0,0,0,0,0,0,0,0,0,0,0,0,0,0,0.002055498,0.003507541,0.002935626,0,0.002121914,0.001592779,0,0,0,0.002672011,0.004588208,0.00380609,0.001716738,0,0,0,0,0,0,0,0,0,0.000482936,0.003805327,0.000869263,0.000715436,0,0.002261079,0.00251004,0.001687408,ASV1918
ASV1941,ee683dd9ff7d7ba0a060437e8e1aa4ce,ASV1941,d__Bacteria,p__Cyanobacteria,c__Cyanobacteriia,o__Synechococcales,f__Cyanobiaceae,g__Synechococcus_CC9902,g__Synechococcus_CC9902 Genus,ASV1941,mSyn10,0.006272007,0.002575245,0.018475245,0.019162855,0.006498498,0.007256894,0.005835735,0.010485229,0.037531154,0.032338308,0.029342292,0.024478759,0.005795884,0.006469717,0.002671348,0.004563684,0.015595124,0.011770861,0.006888431,0.011663022,0.018998483,0.01892831,0.00250071,0.005636245,0.001225772,0.001574567,0.020854188,0.024208666,0.009673309,0.018560779,0.013847006,0.011415982,0.003691983,0.004301787,0.011487077,0.009678839,0.020702822,0.019518838,0.019280847,0.021979321,0,0,0,0,0,0,0,0,0,0,0,0,0,0,0,0,0,0,0,0,0,0,0,0,0,0,0,0,0,0,ASV1941
ASV1957,f0485924842ad7d89e41b8a290886255,ASV1957,d__Bacteria,p__Cyanobacteria,c__Cyanobacteriia,o__Synechococcales,f__Cyanobiaceae,g__Cyanobium_PCC-6307,s__uncultured_cyanobacterium,ASV1957,bSyn3,0.008912852,0.008047642,0,0,0,0,0,0,0.001319455,0.00214445,0.00078736,0.000711592,0,0,0,0,0.006094646,0.001987968,0.0031204,0.002395085,0.006433991,0.003337601,0,0.001463256,0.002298322,0.001949464,0.001056612,0.001767447,0.000463392,0.001521375,0,0,0.001054852,0,0.001748033,0.001696939,0,0.001191557,0.00094188,0,0,0,0,0,0,0,0,0.002484472,0.003684211,0.001113338,0.002523515,0.009014423,0.002145923,0.002273876,0.007520053,0.002178218,0.013336027,0,0,0,0,0.001254705,0,0.000400561,0.002955494,0,0,0.007386192,0.001338688,0.005062223,ASV1957
ASV2002,f525e8dd4fc706e4f3698944adb36137,ASV2002,d__Bacteria,p__Cyanobacteria,c__Cyanobacteriia,o__Synechococcales,f__Cyanobiaceae,g__Cyanobium_PCC-6307,g__Cyanobium_PCC-6307 Genus,ASV2002,mSyn9,0.004291373,0,0.009858332,0.009899844,0.009223674,0.005211769,0.010446686,0.011556712,0.003225334,0.003088008,0.005773975,0.004411869,0.012179756,0.010912776,0.011830255,0.012446411,0.006990918,0.005283809,0.003179276,0.00479017,0.018330804,0.010470007,0.001364024,0.003847821,0,0,0.005950395,0.00583793,0.003996756,0.005223389,0.004800295,0.004005608,0,0,0.004557373,0.004588021,0.003460414,0.004255561,0.004931021,0.006322009,0,0,0,0,0,0,0,0,0,0,0,0,0,0,0,0,0,0,0,0,0,0,0,0,0,0,0,0,0,0,ASV2002
ASV2028,f6bb06fa73560a90b6c8c6efafb7460c,ASV2028,d__Bacteria,p__Cyanobacteria,c__Cyanobacteriia,o__Synechococcales,f__Cyanobiaceae,g__Cyanobium_PCC-6307,g__Cyanobium_PCC-6307 Genus,ASV2028,bSyn2,0,0,0,0,0,0,0,0,0,0,0,0,0,0,0,0,0.001493786,0,0,0,0,0,0,0,0,0,0,0,0,0,0,0,0,0,0,0,0,0,0,0,0,0,0,0,0,0,0,0,0,0,0,0,0,0.002021223,0.003676471,0.004158416,0.004849465,0,0,0,0,0,0,0,0,0,0,0,0,0,ASV2028
ASV2091,fe6f983c158c87366d98f801ab2b8085,ASV2091,d__Bacteria,p__Cyanobacteria,c__Cyanobacteriia,o__Synechococcales,f__Cyanobiaceae,g__Cyanobium_PCC-6307,s__bacterium_enrichment,ASV2091,fSyn24,0,0,0,0,0,0,0,0,0,0,0,0,0,0,0,0,0,0,0,0,0,0,0,0,0,0,0,0,0,0,0,0,0,0,0,0,0,0,0,0,0,0,0,0,0,0,0,0.000709849,0,0,0.001605873,0.004206731,0.001430615,0.003031834,0.001336898,0.001980198,0.001414427,0,0,0,0,0,0,0,0.001043115,0,0,0.001356648,0.00167336,0.001476482,ASV2091
ASV264,1f3640259a3eef0089b6b4f2e43d9ce9,ASV264,d__Bacteria,p__Cyanobacteria,c__Cyanobacteriia,o__Synechococcales,f__Cyanobiaceae,g__Cyanobium_PCC-6307,g__Cyanobium_PCC-6307 Genus,ASV264,fSyn23,0,0,0,0,0,0,0,0,0,0,0,0,0,0,0,0,0,0,0,0,0,0,0,0,0,0,0,0,0,0,0,0,0,0,0,0,0,0,0,0,0.001849949,0.006313574,0.001677501,0,0.00154321,0.003185559,0,0,0,0.003117346,0.005047029,0.002604167,0.001716738,0,0,0,0,0,0,0,0,0,0.001448809,0.002803925,0.001912378,0.001252012,0,0.001507386,0.001171352,0.002952964,ASV264
ASV304,2470e08d8525b1c6542f1c6d87ca9128,ASV304,d__Bacteria,p__Cyanobacteria,c__Cyanobacteriia,o__Synechococcales,f__Cyanobiaceae,g__Cyanobium_PCC-6307,g__Cyanobium_PCC-6307 Genus,ASV304,fSyn22,0,0,0,0,0,0,0,0,0,0,0,0,0,0,0,0,0,0,0,0,0,0,0,0,0,0,0,0,0,0,0,0,0,0,0,0,0,0,0,0,0.001233299,0,0,0,0.002893519,0.002123706,0,0.006921029,0,0.003340013,0.007111723,0.016626603,0.00758226,0.008337544,0.012199198,0.007524752,0.012729844,0,0.002989193,0,0,0,0,0,0.001738526,0.001430871,0.00145584,0.019897498,0.005187416,0.01307741,ASV304
ASV308,24ce789697760621b9a43b5e9c9ba192,ASV308,d__Bacteria,p__Cyanobacteria,c__Cyanobacteriia,o__Synechococcales,f__Cyanobiaceae,g__Cyanobium_PCC-6307,s__uncultured_marine,ASV308,fSyn21,0,0,0,0,0,0,0,0,0,0,0,0,0,0,0,0,0,0,0,0,0,0,0,0,0,0,0,0,0,0,0,0,0,0,0,0,0,0,0,0,0.001027749,0,0,0,0,0,0,0.003016859,0,0.00178134,0.001147052,0.001402244,0,0,0,0,0,0,0,0,0,0,0.001931745,0.002002804,0,0,0,0.005577329,0.00167336,0.000421852,ASV308
ASV325,28233c8c2b4c3a15b8d7f344ff4ef3ba,ASV325,d__Bacteria,p__Cyanobacteria,c__Cyanobacteriia,o__Synechococcales,f__Cyanobiaceae,g__Cyanobium_PCC-6307,g__Cyanobium_PCC-6307 Genus,ASV325,fSyn20,0,0,0,0,0,0,0,0,0,0,0,0,0,0,0,0,0,0,0,0,0,0,0,0,0,0,0,0,0,0,0,0,0,0,0,0,0,0,0,0,0.007605344,0.002806033,0.004193751,0.008101444,0.007137346,0.006636581,0.011304989,0.0108252,0,0.004008016,0.006652902,0.013020833,0.004434907,0.001515917,0.010026738,0.003168317,0.00788038,0,0,0,0,0,0.000804894,0.003805327,0.003129346,0.001788589,0.003073439,0.03059994,0.00753012,0.014975744,ASV325
ASV367,2d79189a199275064f1a6838ac229713,ASV367,d__Bacteria,p__Cyanobacteria,c__Cyanobacteriia,o__Synechococcales,f__Cyanobiaceae,g__Cyanobium_PCC-6307,s__metagenome,ASV367,fSyn19,0,0,0,0,0,0,0,0,0,0,0,0,0,0,0,0,0,0,0,0,0,0,0,0,0,0,0,0,0,0,0,0,0,0,0,0,0,0,0,0,0,0,0,0,0,0,0,0.00230701,0,0,0.011470521,0.007011218,0.017453505,0.013643254,0.02907754,0.011683168,0.008688624,0,0,0,0,0,0,0,0,0,0.00145584,0.00331625,0.001171352,0.001476482,ASV367
ASV410,31cc7f25cc55272732097d6b8a168e3b,ASV410,d__Bacteria,p__Cyanobacteria,c__Cyanobacteriia,o__Synechococcales,f__Cyanobiaceae,g__Cyanobium_PCC-6307,s__uncultured_cyanobacterium,ASV410,bSyn1,0.007922535,0.008208595,0,0.000521044,0,0,0,0,0.00168597,0.001972894,0.000892342,0.000925069,0,0,0,0,0.0041826,0.002458802,0,0,0.005159332,0.002880395,0.000625178,0,0.001915269,0.001874485,0.000834168,0.001231857,0,0,0.000246169,0,0,0.002713435,0.002060182,0,0.001014259,0.001248298,0,0.001949778,0,0,0,0,0,0,0,0.003016859,0,0.001336005,0.003899977,0.008814103,0.001001431,0,0.004679144,0.00039604,0.008890685,0,0,0,0,0,0,0,0,0,0.003396959,0.006632499,0.001506024,0.003796667,ASV410
ASV437,34fe8b519b415397271d5eaa7c9218d2,ASV437,d__Bacteria,p__Cyanobacteria,c__Cyanobacteriia,o__Synechococcales,f__Cyanobiaceae,g__Synechococcus_CC9902,g__Synechococcus_CC9902 Genus,ASV437,mSyn7,0,0,0.001387469,0,0.001187897,0.001715266,0.00259366,0.002831777,0,0,0,0.000925069,0.001595968,0.002104607,0.001831781,0.002420136,0.000478011,0,0,0.000468604,0.000971168,0,0,0.000867115,0,0,0.001223446,0.000589149,0,0,0,0,0,0,0,0.001194142,0,0.000851112,0,0,0,0,0,0,0,0,0,0,0,0,0,0,0,0,0,0,0,0,0,0,0,0,0,0,0,0,0,0,0,0,ASV437
ASV450,35f6bc4d1f4ae15b7fa2930428acd84b,ASV450,d__Bacteria,p__Cyanobacteria,c__Cyanobacteriia,o__Synechococcales,f__Cyanobiaceae,g__Cyanobium_PCC-6307,s__uncultured_cyanobacterium,ASV450,fSyn18,0,0,0,0,0,0,0,0,0,0,0,0,0,0,0,0,0,0,0,0,0,0,0,0,0,0,0,0,0,0,0,0,0,0,0,0,0,0,0,0,0,0,0,0,0,0,0,0.000709849,0,0.001558673,0.003441156,0.005408654,0.001001431,0,0.002840909,0.000792079,0.005657709,0,0,0,0,0,0,0,0,0,0.00145584,0.00542659,0.002175368,0.003796667,ASV450
ASV540,429970c55f4b6075183638b9be901f48,ASV540,d__Bacteria,p__Cyanobacteria,c__Cyanobacteriia,o__Synechococcales,f__Cyanobiaceae,g__Cyanobium_PCC-6307,g__Cyanobium_PCC-6307 Genus,ASV540,fSyn17,0,0,0,0,0,0,0,0,0,0,0,0,0,0,0,0,0,0,0,0,0,0,0,0,0,0,0,0,0,0,0,0,0,0,0,0,0,0,0,0,0.002055498,0,0.003355001,0,0.000964506,0.001592779,0,0,0.005263158,0.001336005,0.003899977,0.002804487,0.001716738,0,0,0,0,0,0,0,0,0,0.001770766,0.001802524,0.003477051,0.001967448,0.00097056,0.001356648,0.001338688,0.001687408,ASV540
ASV55,05aeaed14d7f1c185cbd25f39c1031de,ASV55,d__Bacteria,p__Cyanobacteria,c__Cyanobacteriia,o__Synechococcales,f__Cyanobiaceae,g__Synechococcus_CC9902,g__Synechococcus_CC9902 Genus,ASV55,mSyn6,0.005391725,0.003058104,0.024536293,0.023562786,0.007546642,0.011413115,0.009582133,0.01270473,0.049552851,0.047263682,0.041782584,0.03394293,0.007223856,0.010445085,0.004655778,0.006223206,0.017985182,0.015066702,0.00859582,0.01577632,0.025371775,0.020802853,0.00341006,0.007533059,0.002145101,0.002099423,0.028250473,0.032028279,0.013727989,0.024291293,0.017047203,0.016923693,0.005208333,0.004301787,0.016231739,0.010747282,0.027742975,0.023433954,0.027203723,0.027474151,0,0,0,0,0,0,0,0,0,0,0,0,0,0,0,0,0,0,0,0,0,0,0,0,0,0,0,0,0,0,ASV55
ASV6,00acd7c50b7ee290bbeb7acb63f297e9,ASV6,d__Bacteria,p__Cyanobacteria,c__Cyanobacteriia,o__Synechococcales,f__Cyanobiaceae,g__Cyanobium_PCC-6307,g__Cyanobium_PCC-6307 Genus,ASV6,fSyn16,0,0,0,0,0,0,0,0,0,0,0,0,0,0,0,0,0,0,0,0,0,0,0,0,0,0,0,0,0,0,0,0,0,0,0,0,0,0,0,0,0,0,0.002516251,0.00211342,0.001350309,0.001592779,0,0.000354925,0,0,0,0,0,0,0,0,0,0,0,0,0,0,0,0,0,0,0,0.001205909,0.001171352,0.001687408,ASV6
ASV608,4b6550ec1f18964c8110c45fdffcf0b4,ASV608,d__Bacteria,p__Cyanobacteria,c__Cyanobacteriia,o__Synechococcales,f__Cyanobiaceae,g__Cyanobium_PCC-6307,g__Cyanobium_PCC-6307 Genus,ASV608,mSyn5,0.003851232,0,0.009493209,0.011868234,0.007896024,0.007058979,0.01037464,0.014388489,0.004031667,0.004803568,0.005511522,0.005906212,0.014783704,0.014654299,0.013204091,0.015143134,0.011472275,0.005545383,0.003826906,0.008382797,0.020940819,0.011933065,0.001989201,0.003631043,0,0,0.006061617,0.005463018,0.005329008,0.005324814,0.005600345,0.003004206,0,0,0.005681109,0.005216517,0.004116699,0.003290967,0.004820212,0.006144756,0,0,0,0,0,0,0,0,0,0,0,0,0,0,0,0,0,0,0,0,0,0,0,0,0,0,0,0,0,0,ASV608
ASV611,4bf47803f147f9c8bbd127ebb3dc0a5b,ASV611,d__Bacteria,p__Cyanobacteria,c__Cyanobacteriia,o__Synechococcales,f__Cyanobiaceae,g__Cyanobium_PCC-6307,s__uncultured_marine,ASV611,fSyn15,0,0,0,0,0,0,0,0,0,0,0,0,0,0,0,0,0,0,0,0,0,0,0,0,0,0,0,0,0,0,0,0,0,0,0,0,0,0,0,0,0,0,0.004822814,0,0.002121914,0,0,0.003016859,0.003157895,0.001336005,0.002523515,0.003004808,0,0,0,0,0.00202061,0,0,0,0,0,0,0,0,0,0,0.010250226,0,0.002742038,ASV611
ASV640,4f9c44bcffd54c92da35a398419a86af,ASV640,d__Bacteria,p__Cyanobacteria,c__Cyanobacteriia,o__Synechococcales,f__Cyanobiaceae,g__Cyanobium_PCC-6307,s__metagenome,ASV640,fSyn14,0,0,0,0,0,0,0,0,0,0,0,0,0,0,0,0,0,0,0,0,0,0,0,0,0,0,0,0,0,0,0,0,0,0,0,0,0,0,0,0,0,0,0,0,0,0,0,0.001064774,0,0.001558673,0.005964671,0.010616987,0.02360515,0.016169783,0.032252674,0.011089109,0.007678319,0,0,0,0,0,0.000321958,0,0,0,0,0.004522159,0.001171352,0.002742038,ASV640
ASV65,0732427a8c719daa255d8272fa67da93,ASV65,d__Bacteria,p__Cyanobacteria,c__Cyanobacteriia,o__Synechococcales,f__Cyanobiaceae,g__Synechococcus_CC9902,g__Synechococcus_CC9902 Genus,ASV65,mSyn4,0.009022887,0.004667632,0.039579378,0.040467782,0.015302914,0.016954743,0.014985591,0.020281647,0.068245125,0.058843712,0.059366962,0.054507934,0.01150777,0.013874815,0.004655778,0.009196515,0.027246654,0.02045514,0.010597586,0.018900344,0.041881639,0.039731163,0.004319409,0.01300672,0.002374933,0.003074155,0.0448226,0.052059343,0.021316033,0.042142096,0.031694258,0.024434208,0.008109177,0.009530113,0.028780122,0.019923323,0.04981803,0.053960508,0.050750734,0.057843427,0,0,0,0,0,0,0,0,0,0,0,0,0,0,0,0,0,0,0,0,0,0,0,0,0,0,0,0,0,0,ASV65
ASV673,543bf3dd23ae424584f2ce31636415e4,ASV673,d__Bacteria,p__Cyanobacteria,c__Cyanobacteriia,o__Synechococcales,f__Cyanobiaceae,g__Cyanobium_PCC-6307,g__Cyanobium_PCC-6307 Genus,ASV673,fSyn13,0,0,0,0,0,0,0,0,0,0,0,0,0,0,0,0,0,0,0,0,0,0,0,0,0,0,0,0,0,0,0,0,0,0,0,0,0,0,0,0,0,0,0,0,0,0,0,0.000887311,0,0.00178134,0.007570544,0.006209936,0.019456366,0.007579586,0.029244652,0.01009901,0.00788038,0.017186952,0,0,0,0,0,0,0,0,0,0.002713295,0.001171352,0.00210926,ASV673
ASV710,585a9b781d5fc7be0955d577d23d0908,ASV710,d__Bacteria,p__Cyanobacteria,c__Cyanobacteriia,o__Synechococcales,f__Cyanobiaceae,g__Cyanobium_PCC-6307,g__Cyanobium_PCC-6307 Genus,ASV710,fSyn12,0,0,0,0,0,0,0,0,0,0,0,0,0,0,0,0,0,0,0,0,0,0,0,0,0,0,0,0,0,0,0,0,0,0,0,0,0,0,0,0,0,0,0,0,0,0.00079639,0.001720324,0,0,0.002004008,0.004817619,0.001201923,0.002575107,0,0,0,0,0,0,0,0,0,0,0,0,0.000715436,0,0.000904432,0.001171352,0,ASV710
ASV713,58d0e574614f13fccd23e9a6ee31172d,ASV713,d__Bacteria,p__Cyanobacteria,c__Cyanobacteriia,o__Synechococcales,f__Cyanobiaceae,g__Cyanobium_PCC-6307,g__Cyanobium_PCC-6307 Genus,ASV713,fSyn11,0,0,0,0,0,0,0,0,0,0,0,0,0,0,0,0,0,0,0,0,0,0,0,0,0,0,0,0,0,0,0,0,0,0,0,0,0,0,0,0,0,0,0.000419375,0,0.000771605,0.000265463,0,0.001242236,0.003157895,0,0,0,0,0,0,0,0,0,0,0,0,0,0,0.001201682,0,0.001430871,0.002588159,0,0.00251004,0,ASV713
ASV743,5beed7773c6e8d0c50bf903d9838835c,ASV743,d__Bacteria,p__Cyanobacteria,c__Cyanobacteriia,o__Synechococcales,f__Cyanobiaceae,g__Cyanobium_PCC-6307,g__Cyanobium_PCC-6307 Genus,ASV743,fSyn10,0,0,0,0,0,0,0,0,0,0,0,0,0,0,0,0,0,0,0,0,0,0,0,0,0,0,0,0,0,0,0,0,0,0,0,0,0,0,0,0,0,0,0,0,0.002314815,0.001858243,0,0.006743567,0,0.003117346,0.008947006,0.017227564,0.007153076,0.00884285,0.011530749,0.005148515,0.011517478,0,0,0,0,0,0,0,0.001738526,0.000894294,0.00145584,0.02396744,0.004518072,0.011600928,ASV743
ASV753,5ce57c51a78d94aad9fd73b983aadb5e,ASV753,d__Bacteria,p__Cyanobacteria,c__Cyanobacteriia,o__Synechococcales,f__Cyanobiaceae,g__Cyanobium_PCC-6307,g__Cyanobium_PCC-6307 Genus,ASV753,fSyn9,0,0,0,0,0,0,0,0,0,0,0,0,0,0,0,0,0,0,0,0,0,0,0,0,0,0,0,0,0,0,0,0,0,0,0,0,0,0,0,0,0.002466598,0,0,0,0.003279321,0,0,0.003371783,0.008421053,0.001336005,0.00573526,0.008413462,0.003147353,0.004042446,0.006684492,0.002772277,0.002828854,0.031567871,0,0,0,0,0.003058596,0,0,0,0,0.003165511,0.002677376,0.003585741,ASV753
ASV768,5ef40173ce4e508edaa0438d8865b338,ASV768,d__Bacteria,p__Cyanobacteria,c__Cyanobacteriia,o__Synechococcales,f__Cyanobiaceae,g__Cyanobium_PCC-6307,g__Cyanobium_PCC-6307 Genus,ASV768,fSyn8,0,0,0,0,0,0,0,0,0,0,0,0,0,0,0,0,0,0,0,0,0,0,0,0,0,0,0,0,0,0,0,0,0,0,0,0,0,0,0,0,0.00020555,0,0,0,0.002314815,0.002654632,0,0.008340728,0,0.004898686,0.009176417,0.015424679,0.008726753,0.009095503,0.016377005,0.007722772,0.018589614,0,0,0.013691417,0,0,0,0,0.001738526,0.001252012,0.003073439,0.027735906,0.004852744,0.01307741,ASV768
ASV770,5f0473eeeab27efe87e03b39c2950169,ASV770,d__Bacteria,p__Cyanobacteria,c__Cyanobacteriia,o__Synechococcales,f__Cyanobiaceae,g__Cyanobium_PCC-6307,g__Cyanobium_PCC-6307 Genus,ASV770,fSyn7,0,0,0,0,0,0,0,0,0,0,0,0,0,0,0,0,0,0,0,0,0,0,0,0,0,0,0,0,0,0,0,0,0,0,0,0,0,0,0,0,0,0,0,0,0,0.001592779,0,0.004081633,0,0.00178134,0.00550585,0.006810897,0.003147353,0.003284487,0.004512032,0.001386139,0.005657709,0,0,0,0,0,0,0,0.001912378,0.001252012,0.00145584,0.011456135,0.002844712,0.005905927,ASV770
ASV774,5f754b9ccc11214de0064277eb31fbae,ASV774,d__Bacteria,p__Cyanobacteria,c__Cyanobacteriia,o__Synechococcales,f__Cyanobiaceae,g__Cyanobium_PCC-6307,s__metagenome,ASV774,fSyn6,0,0,0,0,0,0,0,0,0,0,0,0,0,0,0,0,0,0,0,0,0,0,0,0,0,0,0,0,0,0,0,0,0,0,0,0,0,0,0,0,0,0,0,0,0,0,0,0.001064774,0,0.001113338,0.007111723,0.010016026,0.019170243,0.016927741,0.028241979,0.01009901,0.006870075,0,0,0,0,0.00250941,0.000482936,0,0,0,0,0.002261079,0.00083668,0.001476482,ASV774
ASV838,66915a519f53fdb0f2932c1560a3fe4f,ASV838,d__Bacteria,p__Cyanobacteria,c__Cyanobacteriia,o__Synechococcales,f__Cyanobiaceae,g__Cyanobium_PCC-6307,g__Cyanobium_PCC-6307 Genus,ASV838,fSyn5,0,0,0,0,0,0,0,0,0,0,0,0,0,0,0,0,0,0,0,0,0,0,0,0,0,0,0,0,0,0,0,0,0,0,0,0,0,0,0,0,0,0,0.000629063,0,0.000385802,0.001327316,0,0,0.001052632,0,0,0,0.001287554,0,0,0,0,0,0,0,0,0,0.000160979,0,0.003129346,0,0.002911679,0.001658125,0,0,ASV838
ASV872,6b8b747ba2ba0e1adf6d67b71474fe70,ASV872,d__Bacteria,p__Cyanobacteria,c__Cyanobacteriia,o__Synechococcales,f__Cyanobiaceae,g__Cyanobium_PCC-6307,g__Cyanobium_PCC-6307 Genus,ASV872,fSyn4,0,0,0,0,0,0,0,0,0,0,0,0,0,0,0,0,0,0,0,0,0,0,0,0,0,0,0,0,0,0,0,0,0,0,0,0,0,0,0,0,0.001438849,0,0,0,0.000578704,0.001592779,0,0.007275954,0,0.005121354,0.008488185,0.012219551,0.005579399,0.006063669,0.012867647,0.004752475,0.013538089,0.016485444,0.002069441,0,0,0,0,0,0.002433936,0.00160973,0.002588159,0.020500452,0.00334672,0.009702594,ASV872
ASV882,6ccfabebf2ccb9973b576c548e623249,ASV882,d__Bacteria,p__Cyanobacteria,c__Cyanobacteriia,o__Synechococcales,f__Cyanobiaceae,g__Cyanobium_PCC-6307,g__Cyanobium_PCC-6307 Genus,ASV882,fSyn3,0,0,0,0,0,0,0,0,0,0,0,0,0,0,0,0,0,0,0,0,0,0,0,0,0,0,0,0,0,0,0,0,0,0,0,0,0,0,0,0,0,0,0.004403439,0.005635787,0.00308642,0.003716485,0,0.001952085,0,0,0.00022941,0,0,0,0,0,0,0,0,0,0,0,0,0,0,0,0,0.00105517,0,0.000632778,ASV882
ASV901,6edc8842733dc2dae846aba76e6c7bc3,ASV901,d__Bacteria,p__Cyanobacteria,c__Cyanobacteriia,o__Synechococcales,f__Cyanobiaceae,g__Cyanobium_PCC-6307,s__metagenome,ASV901,fSyn2,0,0,0,0,0,0,0,0,0,0,0,0,0,0,0,0,0,0,0,0,0,0,0,0,0,0,0,0,0,0,0,0,0,0,0,0,0,0,0,0,0,0,0.001467813,0,0.002507716,0.003185559,0,0,0,0.003340013,0.004358798,0.002003205,0.001287554,0,0,0,0,0,0,0,0,0,0.007083065,0,0,0,0,0.000452216,0,0,ASV901
ASV932,72e0250cfbe09ed35408f062c1687ac9,ASV932,d__Bacteria,p__Cyanobacteria,c__Cyanobacteriia,o__Synechococcales,f__Cyanobiaceae,f__Cyanobiaceae Family,f__Cyanobiaceae Family,ASV932,mSyn2,0.001320423,0,0.018913393,0.019452324,0.012228356,0.019527642,0.018299712,0.036813103,0.001979182,0.002316006,0.006193901,0.005052302,0.016799664,0.023618365,0.014959548,0.027243811,0.001314532,0.002668062,0.001942891,0.00390503,0.002306525,0.001737381,0.002159704,0.001083893,0,0,0.001501502,0.001553211,0.003127896,0.0012171,0.002830943,0.002002804,0.001120781,0.001257445,0.001498314,0.002136886,0.001849532,0.001361779,0.001551332,0.002717873,0,0,0,0,0,0,0,0,0,0,0,0,0,0,0,0,0,0,0,0,0,0,0,0,0,0,0,0,0,0,ASV932
ASV953,74b4a28236f841d279ae696ff37cc811,ASV953,d__Bacteria,p__Cyanobacteria,c__Cyanobacteriia,o__Synechococcales,f__Cyanobiaceae,g__Cyanobium_PCC-6307,s__metagenome,ASV953,fSyn1,0,0,0,0,0,0,0,0,0,0,0,0,0,0,0,0,0,0,0,0,0,0,0,0,0,0,0,0,0,0,0,0,0,0,0,0,0,0,0,0,0,0,0,0,0,0,0,0.000709849,0,0.001558673,0.010094058,0.008413462,0.029756795,0.016169783,0.036430481,0.015049505,0.008688624,0,0,0,0,0.005018821,0.000643915,0,0,0,0,0.006029545,0.00167336,0.002742038,ASV953
ASV983,7992cc17f180ddc6bc2b8e07340369e8,ASV983,d__Bacteria,p__Cyanobacteria,c__Cyanobacteriia,o__Synechococcales,f__Cyanobiaceae,g__Synechococcus_CC9902,g__Synechococcus_CC9902 Genus,ASV983,mSyn1,0.008472711,0.007564784,0.045275303,0.045099288,0.016281182,0.018406122,0.015850144,0.026251339,0.088623369,0.078572654,0.069445173,0.064256742,0.014699706,0.018084028,0.006105938,0.011824091,0.038778681,0.027151452,0.016073006,0.033531188,0.049954476,0.043663131,0.00511509,0.014524171,0.002757987,0.003973907,0.049938828,0.059450485,0.028556534,0.045894822,0.038340821,0.025836171,0.011537447,0.009199206,0.033275066,0.026145434,0.051786886,0.049818429,0.053133138,0.059970458,0,0,0,0,0,0,0,0,0,0,0,0,0,0,0,0,0,0,0,0,0,0,0,0,0,0,0,0,0,0,ASV983
,,,,,,,,,,,,,,,,,,,,,,,,,,,,,,,,,,,,,,,,,,,,,,,,,,,,,,,,,,,,,,,,,,,,,,,,,,,,,,,,,,
,,,,,,,,,,,,Source,,E-value,Percent ID,Acc.len,,,,,,,,,,,,,,,,,,,,,,,,,,,,,,,,,,,,,,,,,,,,,,,,,,,,,,,,,,,,,,,,,,
"KF917899.1 Uncultured bacterium clone G16-43 16S ribosomal RNA gene, partial sequence",,,,,,,,,,,bSyn3-b1,Shrimp pond,,0,99.52%,566,,,,,,,,,,,,,,,,,,,,,,,,,,,,,,,,,,,,,,,,,,,,,,,,,,,,,,,,,,,,,,,,,,
"GQ413490.1 Uncultured bacterium clone 1NTfc10_G12 16S ribosomal RNA gene, partial sequence",,,,,,,,,,,bSyn3-b2,Coral exposed to fish farm effulent,,0,99.52%,565,,,,,,,,,,,,,,,,,,,,,,,,,,,,,,,,,,,,,,,,,,,,,,,,,,,,,,,,,,,,,,,,,,
"KR077633.1 Uncultured bacterium clone su109 16S ribosomal RNA gene, partial sequence",,,,,,,,,,,bSyn3-b3,sea water,,0,99.27%,564,,,,,,,,,,,,,,,,,,,,,,,,,,,,,,,,,,,,,,,,,,,,,,,,,,,,,,,,,,,,,,,,,,
">KF973031.1 Uncultured bacterium clone D11-77 16S ribosomal RNA gene, partial sequence",,,,,,,,,,,bSyn4-b1,Shrimp pond,,0,99.75%,554,,,,,,,,,,,,,,,,,,,,,,,,,,,,,,,,,,,,,,,,,,,,,,,,,,,,,,,,,,,,,,,,,,
"Uncultured bacterium clone 29bk62 16S ribosomal RNA gene, partial",,,,,,,,,,,bSyn2-b1,Bazega reservoir (FW),,0,98.55%,544,maybe remove,,,,,,,,,,,,,,,,,,,,,,,,,,,,,,,,,,,,,,,,,,,,,,,,,,,,,,,,,,,,,,,,,
"Uncultured bacterium clone G16-43 16S ribosomal RNA gene, partial sequence",,,,,,,,,,,bSyn1-b1,Shrimp pond,,0,99.27%,566,,,,,,,,,,,,,,,,,,,,,,,,,,,,,,,,,,,,,,,,,,,,,,,,,,,,,,,,,,,,,,,,,,
"Uncultured bacterium clone 1NTfc10_G12 16S ribosomal RNA gene, partial sequence",,,,,,,,,,,bSyn1-b2,Coral exposed to fish farm effulent,,0,99.27%,565,,,,,,,,,,,,,,,,,,,,,,,,,,,,,,,,,,,,,,,,,,,,,,,,,,,,,,,,,,,,,,,,,,
,,,,,,,,,,,,,,,,,,,,,,,,,,,,,,,,,,,,,,,,,,,,,,,,,,,,,,,,,,,,,,,,,,,,,,,,,,,,,,,,,,
Outgroup,,,,,,,,,,,,,,,,,,,,,,,,,,,,,,,,,,,,,,,,,,,,,,,,,,,,,,,,,,,,,,,,,,,,,,,,,,,,,,,,,,
"AB703744.1 Uncultured Prochlorococcus sp. gene for 16S rRNA, partial sequence, clone: MW_147m_02",,,,,,,,,,,,,,,,,,,,,,,,,,,,,,,,,,,,,,,,,,,,,,,,,,,,,,,,,,,,,,,,,,,,,,,,,,,,,,,,,,
,,,,,,,,,,,,,,,,,,,,,,,,,,,,,,,,,,,,,,,,,,,,,,,,,,,,,,,,,,,,,,,,,,,,,,,,,,,,,,,,,,
,,,,,,,,,,,,,,,,,,,,,,,,,,,,,,,,,,,,,,,,,,,,,,,,,,,,,,,,,,,,,,,,,,,,,,,,,,,,,,,,,,
